"Gen","log2FoldChange","padj"
"LEPR",3.7063010189091,4.46494725073393e-05
"MC4R",-3.41986912463826,8.44068724147853e-05
"FTO",-3.15227075446007,1.93041502201004e-05
"SIM1",-2.07989270617411,2.38157496807052e-05
"UBR2",-1.85353834243126,2.997315168297e-08
